"country","average_sales","min_sales","max_sales"
"France","173958.37350000002","1763.86","962500"
"Germany","167895.2915714286","1685.6","1017338"
"Canada","177768.96350000004","1655.08","1038082.5"
"United States of America","178784.5012857143","1730.54","1159200"
"Mexico","149638.2293571428","2508.66","848172.5"
